{
  "total_return": 0.8732512848286225,
  "cagr": 0.1365219641786819,
  "ann_vol": 0.08962187755332891,
  "sharpe": 1.4731853407663338,
  "sortino": 2.2916840984117566,
  "max_drawdown": -0.1817330274782425,
  "calmar": 0.7512226372557769,
  "win_rate": 0.8305084745762712,
  "profit_factor": 3.131918275886716,
  "avg_win": 0.12098539792201043,
  "avg_loss": -0.18928605333739373,
  "n_trades": 118,
  "exposure_avg": 0.24166956365747702
}