{
  "total_return": 1.7395007772533426,
  "cagr": 0.13641078671816853,
  "ann_vol": 0.07048028913966449,
  "sharpe": 1.8500656130248436,
  "sortino": 2.980233879644627,
  "max_drawdown": -0.16995046958114524,
  "calmar": 0.802650248948193,
  "win_rate": 0.8555555555555555,
  "profit_factor": 3.919490103013207,
  "avg_win": 0.11097752143092689,
  "avg_loss": -0.16770763004668895,
  "n_trades": 180,
  "exposure_avg": 0.2301458132806356
}