{
  "total_return": 1.331889678384289,
  "cagr": 0.11341690959681805,
  "ann_vol": 0.05686137543384745,
  "sharpe": 1.9182290190958722,
  "sortino": 3.1344753161072134,
  "max_drawdown": -0.13637514490262548,
  "calmar": 0.831653815494018,
  "win_rate": 0.8571428571428571,
  "profit_factor": 4.032025606442125,
  "avg_win": 0.11270024312399542,
  "avg_loss": -0.16770763004668893,
  "n_trades": 182,
  "exposure_avg": 0.1872668072734661
}