{
  "total_return": 2.254827107948177,
  "cagr": 0.16153888884561174,
  "ann_vol": 0.08357310133251289,
  "sharpe": 1.8342053991711103,
  "sortino": 2.8948831458709954,
  "max_drawdown": -0.20306764229159768,
  "calmar": 0.795493004314532,
  "win_rate": 0.8604651162790697,
  "profit_factor": 3.9745659013548655,
  "avg_win": 0.11338570208622109,
  "avg_loss": -0.17592155895398454,
  "n_trades": 172,
  "exposure_avg": 0.2633459272085853
}