{
  "total_return": 0.6632676505459154,
  "cagr": 0.058908027930564266,
  "ann_vol": 0.07654858525832219,
  "sharpe": 0.7861091711669304,
  "sortino": 1.2196553748309678,
  "max_drawdown": -0.1330995110158455,
  "calmar": 0.4425863587399,
  "win_rate": 0.5765124555160143,
  "profit_factor": 1.8415288891697663,
  "avg_win": 0.08678675367833959,
  "avg_loss": -0.06415683933580839,
  "n_trades": 281,
  "exposure_avg": 0.31535192789338257
}