{
  "total_return": 1.7564410164970337,
  "cagr": 0.13730006011104656,
  "ann_vol": 0.07049224828980154,
  "sharpe": 1.8608658395508364,
  "sortino": 2.9986665946495306,
  "max_drawdown": -0.16970103390352975,
  "calmar": 0.8090702628782909,
  "win_rate": 0.8555555555555555,
  "profit_factor": 3.9430430143325346,
  "avg_win": 0.11142249089534834,
  "avg_loss": -0.16737427974665472,
  "n_trades": 180,
  "exposure_avg": 0.2301704088598257
}