{
  "total_return": 1.2566958139018372,
  "cagr": 0.10879577359922998,
  "ann_vol": 0.05679602663647352,
  "sharpe": 1.8471127515423942,
  "sortino": 3.0111405714901998,
  "max_drawdown": -0.1385433109954859,
  "calmar": 0.7852834815155734,
  "win_rate": 0.8571428571428571,
  "profit_factor": 3.8783952885301405,
  "avg_win": 0.10980563168081939,
  "avg_loss": -0.16987278012463897,
  "n_trades": 182,
  "exposure_avg": 0.1871037307060305
}