{
  "total_return": 1.8427298446434497,
  "cagr": 0.14175704524911925,
  "ann_vol": 0.07055538430046969,
  "sharpe": 1.9147273764849,
  "sortino": 3.090827407993271,
  "max_drawdown": -0.1694758920622037,
  "calmar": 0.8364437178893229,
  "win_rate": 0.8611111111111112,
  "profit_factor": 4.061175775352855,
  "avg_win": 0.1129256773493276,
  "avg_loss": -0.17239815223338847,
  "n_trades": 180,
  "exposure_avg": 0.23029332964592872
}