{
  "total_return": 0.38067812537198664,
  "cagr": 0.039315236359392935,
  "ann_vol": 0.04192384485800685,
  "sharpe": 0.9408443995580733,
  "sortino": 1.4210945289444903,
  "max_drawdown": -0.05456190329044941,
  "calmar": 0.7205620403325397,
  "win_rate": 0.7441860465116279,
  "profit_factor": 3.673922210247339,
  "avg_win": 0.0856343885601724,
  "avg_loss": -0.0678071573129973,
  "n_trades": 86,
  "exposure_avg": 0.1032981937802854
}