{
  "total_return": 1.9859496282303977,
  "cagr": 0.1316458517171517,
  "ann_vol": 0.0971925897136314,
  "sharpe": 1.32133277964203,
  "sortino": 2.12871245869726,
  "max_drawdown": -0.1070418956641438,
  "calmar": 1.2298535157692427,
  "win_rate": 0.6740947075208914,
  "profit_factor": 3.0048353873297224,
  "avg_win": 0.08734153477089988,
  "avg_loss": -0.060121476556460086,
  "n_trades": 359,
  "exposure_avg": 0.40117807976603187
}