{
  "total_return": 1.2453474823627468,
  "cagr": 0.10808670668587017,
  "ann_vol": 0.05678664865997438,
  "sharpe": 1.8361389466222984,
  "sortino": 2.9921754528958573,
  "max_drawdown": -0.13887624361275286,
  "calmar": 0.7782951487891819,
  "win_rate": 0.8571428571428571,
  "profit_factor": 3.855124236020395,
  "avg_win": 0.10936064145606895,
  "avg_loss": -0.1702056298485895,
  "n_trades": 182,
  "exposure_avg": 0.18707862775030573
}