{
  "total_return": 0.5888562954837266,
  "cagr": 0.05374046574493874,
  "ann_vol": 0.06513155736204893,
  "sharpe": 0.83636721818471,
  "sortino": 1.3124351380563268,
  "max_drawdown": -0.11172461188433769,
  "calmar": 0.4810083010229945,
  "win_rate": 0.6036036036036037,
  "profit_factor": 1.9175418162836202,
  "avg_win": 0.09077294745994179,
  "avg_loss": -0.07208314392380842,
  "n_trades": 222,
  "exposure_avg": 0.25021979750625506
}