{
  "total_return": 1.1425872553961236,
  "cagr": 0.08950840058801224,
  "ann_vol": 0.12559610925412615,
  "sharpe": 0.7458076623914169,
  "sortino": 1.0935054410825666,
  "max_drawdown": -0.24113255207858686,
  "calmar": 0.3711999886221948,
  "win_rate": 0.6105769230769231,
  "profit_factor": 1.9274825900341044,
  "avg_win": 0.08203970350684814,
  "avg_loss": -0.06673479339167253,
  "n_trades": 416,
  "exposure_avg": 0.4637788671490827
}