{
  "total_return": 1.664874895988314,
  "cagr": 0.11718467818883593,
  "ann_vol": 0.10730199980077587,
  "sharpe": 1.086670446166861,
  "sortino": 1.6817179557014366,
  "max_drawdown": -0.13962172349323543,
  "calmar": 0.8393011864984853,
  "win_rate": 0.6507936507936508,
  "profit_factor": 2.4444876647770966,
  "avg_win": 0.08801898081737236,
  "avg_loss": -0.06710419353104996,
  "n_trades": 378,
  "exposure_avg": 0.422074973686389
}