{
  "total_return": 3.000784305936743,
  "cagr": 0.17426409407871013,
  "ann_vol": 0.11896564161546828,
  "sharpe": 1.4103029527301338,
  "sortino": 2.194718121568027,
  "max_drawdown": -0.21516417506564844,
  "calmar": 0.8099122171501861,
  "win_rate": 0.7441860465116279,
  "profit_factor": 2.5436886162893204,
  "avg_win": 0.11661889925142765,
  "avg_loss": -0.1333712693715691,
  "n_trades": 301,
  "exposure_avg": 0.40463329273347287
}