{
  "total_return": 1.1831556504002663,
  "cagr": 0.09228327147560011,
  "ann_vol": 0.08183267048865839,
  "sharpe": 1.119822346989883,
  "sortino": 1.7351025819466694,
  "max_drawdown": -0.11235011973404951,
  "calmar": 0.8213900589874689,
  "win_rate": 0.6645161290322581,
  "profit_factor": 2.4548464350912247,
  "avg_win": 0.08295509285416303,
  "avg_loss": -0.06693489788701365,
  "n_trades": 310,
  "exposure_avg": 0.347318480907411
}