{
  "total_return": 1.8252582034185698,
  "cagr": 0.14086423063969233,
  "ann_vol": 0.07054231208924278,
  "sharpe": 1.9039739968574738,
  "sortino": 3.0723936078676255,
  "max_drawdown": -0.16952095081648766,
  "calmar": 0.8309546988807465,
  "win_rate": 0.8611111111111112,
  "profit_factor": 4.03741568836907,
  "avg_win": 0.112480551595415,
  "avg_loss": -0.1727291598684212,
  "n_trades": 180,
  "exposure_avg": 0.2302687531006171
}