{
  "total_return": 1.2330218586088484,
  "cagr": 0.09458743785628543,
  "ann_vol": 0.12584399795910392,
  "sharpe": 0.7815740216887683,
  "sortino": 1.143386792490057,
  "max_drawdown": -0.24113255207858675,
  "calmar": 0.3922632470851913,
  "win_rate": 0.6105769230769231,
  "profit_factor": 1.9936823289405108,
  "avg_win": 0.08315065500183248,
  "avg_loss": -0.06539257169510326,
  "n_trades": 416,
  "exposure_avg": 0.4639026587877105
}