{
  "total_return": 0.1586516104111657,
  "cagr": 0.041435841021986164,
  "ann_vol": 0.032424618260342764,
  "sharpe": 1.2684576896846544,
  "sortino": 1.8806024349810693,
  "max_drawdown": -0.04016816410869162,
  "calmar": 1.0315592445266935,
  "win_rate": 0.8275862068965517,
  "profit_factor": 7.132597104559272,
  "avg_win": 0.08730810614578444,
  "avg_loss": -0.05875544396470722,
  "n_trades": 29,
  "exposure_avg": 0.0813547548284088
}