{
  "total_return": 2.1647767609389352,
  "cagr": 0.15741109624739047,
  "ann_vol": 0.0835198226546614,
  "sharpe": 1.7926722405400377,
  "sortino": 2.825804897460374,
  "max_drawdown": -0.2034446155301135,
  "calmar": 0.7737294783507837,
  "win_rate": 0.8604651162790697,
  "profit_factor": 3.883036103411774,
  "avg_win": 0.11160464146014905,
  "avg_loss": -0.17723982059628127,
  "n_trades": 172,
  "exposure_avg": 0.26324966385179743
}