{
  "total_return": 1.3914541560728217,
  "cagr": 0.11698606173939563,
  "ann_vol": 0.05691681739160049,
  "sharpe": 1.9726703547512707,
  "sortino": 3.22935769007334,
  "max_drawdown": -0.1358569269349036,
  "calmar": 0.8610975117628709,
  "win_rate": 0.8626373626373627,
  "profit_factor": 4.152205688658802,
  "avg_win": 0.11420493633804366,
  "avg_loss": -0.1727291598684212,
  "n_trades": 182,
  "exposure_avg": 0.18739214161161166
}