{
  "total_return": 2.0025773891885086,
  "cagr": 0.14971021273674157,
  "ann_vol": 0.08343109138983065,
  "sharpe": 1.714429916324688,
  "sortino": 2.69623975853194,
  "max_drawdown": -0.2072038591989035,
  "calmar": 0.7225261793653591,
  "win_rate": 0.8604651162790697,
  "profit_factor": 3.715227713346409,
  "avg_win": 0.10826899550386977,
  "avg_loss": -0.17970871696739635,
  "n_trades": 172,
  "exposure_avg": 0.26306899180955273
}