{
  "total_return": 0.14728531511010767,
  "cagr": 0.017587121626202462,
  "ann_vol": 0.008605210238017861,
  "sharpe": 2.0303822209927955,
  "sortino": 3.3821886357407442,
  "max_drawdown": -0.02070523049865114,
  "calmar": 0.8494047737043154,
  "win_rate": 0.8626373626373627,
  "profit_factor": 4.176417865065478,
  "avg_win": 0.11465075205283465,
  "avg_loss": -0.17239815223338847,
  "n_trades": 182,
  "exposure_avg": 0.028834565676987577
}