{
  "total_return": 1.6157302052291849,
  "cagr": 0.129763721524502,
  "ann_vol": 0.07039770810391931,
  "sharpe": 1.768780987572226,
  "sortino": 2.8419635483812837,
  "max_drawdown": -0.17318793710966107,
  "calmar": 0.7492653569880953,
  "win_rate": 0.8555555555555555,
  "profit_factor": 3.745929581570261,
  "avg_win": 0.10764309025188555,
  "avg_loss": -0.17020562984858956,
  "n_trades": 180,
  "exposure_avg": 0.22996122496042334
}