{
  "total_return": 0.8128412031418548,
  "cagr": 0.06921606000904257,
  "ann_vol": 0.1075841101837034,
  "sharpe": 0.6761415482020168,
  "sortino": 0.9953920065188208,
  "max_drawdown": -0.17921637376017463,
  "calmar": 0.3862150458510378,
  "win_rate": 0.6020671834625323,
  "profit_factor": 1.7921311225538858,
  "avg_win": 0.07584551273111699,
  "avg_loss": -0.06403174093198684,
  "n_trades": 387,
  "exposure_avg": 0.43124956219846095
}