{
  "total_return": 1.9815868820345046,
  "cagr": 0.14868723165064934,
  "ann_vol": 0.08342036295839761,
  "sharpe": 1.7039629915329413,
  "sortino": 2.6789659499604928,
  "max_drawdown": -0.2077035864079042,
  "calmar": 0.7158626108585625,
  "win_rate": 0.8604651162790697,
  "profit_factor": 3.6932197180691175,
  "avg_win": 0.10782462141230362,
  "avg_loss": -0.18003762285143357,
  "n_trades": 172,
  "exposure_avg": 0.2630448846208857
}