{
  "total_return": 0.5244621138719834,
  "cagr": 0.05495842184506006,
  "ann_vol": 0.041698058556870594,
  "sharpe": 1.3040526285519245,
  "sortino": 2.007221811583448,
  "max_drawdown": -0.05456190329044941,
  "calmar": 1.0072673153005653,
  "win_rate": 0.7954545454545454,
  "profit_factor": 6.079280581526157,
  "avg_win": 0.08853327455574603,
  "avg_loss": -0.05663434399837443,
  "n_trades": 88,
  "exposure_avg": 0.11298285529205461
}