{
  "total_return": 1.4035507469370279,
  "cagr": 0.11770140243436833,
  "ann_vol": 0.05692844488277653,
  "sharpe": 1.9835299207948833,
  "sortino": 3.2483397968364374,
  "max_drawdown": -0.13582189245397602,
  "calmar": 0.8665863824143967,
  "win_rate": 0.8626373626373627,
  "profit_factor": 4.176417865065478,
  "avg_win": 0.11465075205283465,
  "avg_loss": -0.17239815223338847,
  "n_trades": 182,
  "exposure_avg": 0.1874171970972648
}