{
  "total_return": 2.1426552180031697,
  "cagr": 0.15638139723624134,
  "ann_vol": 0.08350714968102786,
  "sharpe": 1.7822671461742763,
  "sortino": 2.8085334994547004,
  "max_drawdown": -0.2039470010740808,
  "calmar": 0.7667746836808748,
  "win_rate": 0.8604651162790697,
  "profit_factor": 3.860377321702572,
  "avg_win": 0.11115959906986912,
  "avg_loss": -0.17756922112522114,
  "n_trades": 172,
  "exposure_avg": 0.26322558768442494
}