{
  "trade_level": {
    "n_trades": 180,
    "win_rate": {
      "mean": 0.8613083333333332,
      "lower": 0.8111111111111111,
      "upper": 0.9111111111111111
    },
    "avg_return": {
      "mean": 7.326952561601656,
      "lower": 5.480471328589956,
      "upper": 9.13815635201475
    },
    "p05": {
      "mean": -18.501581855529455,
      "lower": -24.442379182156127,
      "upper": -14.63281463281465
    },
    "max_loss": {
      "mean": -37.36724602002275,
      "lower": -42.330521711965005,
      "upper": -25.346405228758172,
      "actual": -42.330521711965005
    },
    "profit_factor": {
      "mean": 4.287507456679157,
      "lower": 2.6524343007116156,
      "upper": 7.076454718460539
    }
  },
  "nav_level": {
    "sharpe": {
      "mean": 1.9487899850617887,
      "lower": 0.9069637138338569,
      "upper": 2.917518563392347,
      "actual": 1.9152096148445128
    },
    "cagr": {
      "mean": 14.2714793860376,
      "lower": 7.1451770088860505,
      "upper": 21.302818880202988,
      "actual": 14.175704524911925
    },
    "max_drawdown": {
      "mean": -12.661490626983042,
      "lower": -25.16079647331809,
      "upper": -4.461242025783723,
      "actual": -16.947589206220364
    }
  }
}