{
  "total_return": 3.8401027460108237,
  "cagr": 0.2004626950422954,
  "ann_vol": 0.12412185598519714,
  "sharpe": 1.5345410345386363,
  "sortino": 2.4564821289664525,
  "max_drawdown": -0.17872200785129322,
  "calmar": 1.1216452716281684,
  "win_rate": 0.7225609756097561,
  "profit_factor": 2.571114042893219,
  "avg_win": 0.12060310084728046,
  "avg_loss": -0.12216423716844903,
  "n_trades": 328,
  "exposure_avg": 0.4389349918407581
}