{
  "total_return": 1.3436811603812928,
  "cagr": 0.11412973433008,
  "ann_vol": 0.05687210421251947,
  "sharpe": 1.929136100648676,
  "sortino": 3.1534504797724217,
  "max_drawdown": -0.13604094865561778,
  "calmar": 0.8389366250230647,
  "win_rate": 0.8571428571428571,
  "profit_factor": 4.056031885376821,
  "avg_win": 0.11314590257406856,
  "avg_loss": -0.16737427974665472,
  "n_trades": 182,
  "exposure_avg": 0.18729188173180514
}