{
  "total_return": 2.277736233057071,
  "cagr": 0.1625730898899238,
  "ann_vol": 0.08358706708652047,
  "sharpe": 1.8445664354382518,
  "sortino": 2.912153301849215,
  "max_drawdown": -0.20301206708053532,
  "calmar": 0.8008050567035048,
  "win_rate": 0.8604651162790697,
  "profit_factor": 3.997674666327823,
  "avg_win": 0.11383119000897701,
  "avg_loss": -0.17559182866177614,
  "n_trades": 172,
  "exposure_avg": 0.26336998272427276
}