{
  "total_return": 3.6764962110098907,
  "cagr": 0.1956894167025609,
  "ann_vol": 0.12926680476229913,
  "sharpe": 1.4475723906667242,
  "sortino": 2.362311396907182,
  "max_drawdown": -0.1692565690085066,
  "calmar": 1.1561702913446497,
  "win_rate": 0.7195571955719557,
  "profit_factor": 2.5409036458816656,
  "avg_win": 0.12052978607820153,
  "avg_loss": -0.12171026512008937,
  "n_trades": 271,
  "exposure_avg": 0.45150600290350945
}