{
  "total_return": 1.631903531017401,
  "cagr": 0.1306477086985116,
  "ann_vol": 0.07040799293152794,
  "sharpe": 1.7796469993940554,
  "sortino": 2.860396171640616,
  "max_drawdown": -0.17275714375167983,
  "calmar": 0.7562506873018456,
  "win_rate": 0.8555555555555555,
  "profit_factor": 3.7687611514924666,
  "avg_win": 0.1080873915271025,
  "avg_loss": -0.16987278012463897,
  "n_trades": 180,
  "exposure_avg": 0.229985849128949
}