{
  "total_return": 1.071345445000503,
  "cagr": 0.08581037648935697,
  "ann_vol": 0.08389747848799449,
  "sharpe": 1.0234403817815028,
  "sortino": 1.5741918985648384,
  "max_drawdown": -0.1145246732856613,
  "calmar": 0.7492741435316593,
  "win_rate": 0.6470588235294118,
  "profit_factor": 2.2834751352537825,
  "avg_win": 0.08315993129563282,
  "avg_loss": -0.06676660134731412,
  "n_trades": 306,
  "exposure_avg": 0.3421235434153026
}