{
  "total_return": 1.6972171106494245,
  "cagr": 0.11809328557439991,
  "ann_vol": 0.10329730371910555,
  "sharpe": 1.132508779557456,
  "sortino": 1.7706279403089067,
  "max_drawdown": -0.1436228559900793,
  "calmar": 0.8222457683375769,
  "win_rate": 0.638676844783715,
  "profit_factor": 2.6290427871638116,
  "avg_win": 0.08106568544573911,
  "avg_loss": -0.054503548972878374,
  "n_trades": 393,
  "exposure_avg": 0.4385718464726442
}