{
  "total_return": 1.1008623523895973,
  "cagr": 0.08754871373572626,
  "ann_vol": 0.08847249750711382,
  "sharpe": 0.9930934527878009,
  "sortino": 1.5045796022320506,
  "max_drawdown": -0.12738578653287913,
  "calmar": 0.6872722312165442,
  "win_rate": 0.6470588235294118,
  "profit_factor": 2.2908590210745943,
  "avg_win": 0.08228020051706333,
  "avg_loss": -0.06584736681462117,
  "n_trades": 323,
  "exposure_avg": 0.3609389750771217
}