{
  "total_return": 3.603282962972794,
  "cagr": 0.19350541099893537,
  "ann_vol": 0.13460318491290513,
  "sharpe": 1.381769085104759,
  "sortino": 2.273836694943376,
  "max_drawdown": -0.17397860659894016,
  "calmar": 1.1122368133744678,
  "win_rate": 0.7183098591549296,
  "profit_factor": 2.535277271157551,
  "avg_win": 0.1153021201721297,
  "avg_loss": -0.11597169658081917,
  "n_trades": 213,
  "exposure_avg": 0.4660938661851547
}