{
  "total_return": 1.9727328282677132,
  "cagr": 0.13474045539189916,
  "ann_vol": 0.06426783880902093,
  "sharpe": 1.999344069129866,
  "sortino": 3.6293455281270686,
  "max_drawdown": -0.0573081484396909,
  "calmar": 2.351157017988381,
  "win_rate": 0.7877094972067039,
  "profit_factor": 5.933956139035515,
  "avg_win": 0.11562108518040178,
  "avg_loss": -0.0722983232720267,
  "n_trades": 179,
  "exposure_avg": 0.21048036373885076
}