{
  "total_return": 1.145679209176675,
  "cagr": 0.09014713540677,
  "ann_vol": 0.09658749845399012,
  "sharpe": 0.9422038609881889,
  "sortino": 1.421118016197981,
  "max_drawdown": -0.13962172349323565,
  "calmar": 0.6456526473914886,
  "win_rate": 0.6408045977011494,
  "profit_factor": 2.1592877911498283,
  "avg_win": 0.08366521468375537,
  "avg_loss": -0.06912406192800209,
  "n_trades": 348,
  "exposure_avg": 0.3889614630400334
}