{
  "total_return": 3.4901272589497276,
  "cagr": 0.19006871018742433,
  "ann_vol": 0.13074517113487832,
  "sharpe": 1.396590540226119,
  "sortino": 2.2557733948720817,
  "max_drawdown": -0.18403899500898235,
  "calmar": 1.0327632476918693,
  "win_rate": 0.6991150442477876,
  "profit_factor": 2.4597749511455556,
  "avg_win": 0.1241287523760944,
  "avg_loss": -0.11725333118673856,
  "n_trades": 339,
  "exposure_avg": 0.452006047248799
}